Chapter,Section,Subsection,Subsubsection,In Syllabus,Chapter Filecase,Section Filecase,Subsection Filecase,Subsubsection Filecase,PTX Path,Lesson Plan Path,Step By Step Guide Path,LO 1,LO 2,LO 3,LO 4,Course URL,PTX Exists,Lesson Plan Exists,Step By Step Guide Exists
Numbers and Algebra,Real Numbers,Classification of Numbers,Even and Odd Numbers,Yes,numbers-and-algebra,real-numbers,classification-of-numbers,even-and-odd-numbers,numbers-and-algebra/real-numbers/subsubsec-even-and-odd-numbers.ptx,numbers-and-algebra/real-numbers/even-and-odd-numbers.pdf,numbers-and-algebra/real-numbers/step-by-step-guide_even-and-odd-numbers.pdf,"Classify whole numbers as odd, even, prime and composite in different situations",,,,https://ecampus.idems.international/course/view.php?id=571,YES,YES,YES
Numbers and Algebra,Real Numbers,Classification of Numbers,Prime and Composite Numbers,Yes,numbers-and-algebra,real-numbers,classification-of-numbers,prime-and-composite-numbers,numbers-and-algebra/real-numbers/subsubsec-prime-and-composite-numbers.ptx,numbers-and-algebra/real-numbers/prime-and-composite-numbers.pdf,numbers-and-algebra/real-numbers/step-by-step-guide_prime-and-composite-numbers.pdf,"Classify whole numbers as odd, even, prime and composite in different situations",,,,https://ecampus.idems.international/course/view.php?id=571,YES,YES,YES
Numbers and Algebra,Real Numbers,Classification of Numbers,Rational and Irrational Numbers,Yes,numbers-and-algebra,real-numbers,classification-of-numbers,rational-and-irrational-numbers,numbers-and-algebra/real-numbers/subsubsec-rational-and-irrational-numbers.ptx,numbers-and-algebra/real-numbers/rational-and-irrational-numbers.pdf,numbers-and-algebra/real-numbers/step-by-step-guide_rational-and-irrational-numbers.pdf,Classify real numbers as rational and irrational in different situations,,,,https://ecampus.idems.international/course/view.php?id=571,YES,YES,YES
Numbers and Algebra,Real Numbers,Reciprocals of Numbers,Reciprocals using Division,Yes,numbers-and-algebra,real-numbers,reciprocals-of-numbers,reciprocals-using-division,numbers-and-algebra/real-numbers/subsubsec-reciprocals-using-division.ptx,numbers-and-algebra/real-numbers/reciprocals-using-division.pdf,numbers-and-algebra/real-numbers/step-by-step-guide_reciprocals-using-division.pdf,Determine the reciprocal of real numbers by division,,,,https://ecampus.idems.international/course/view.php?id=571,YES,YES,YES
Numbers and Algebra,Real Numbers,Reciprocals of Numbers,Reciprocals Using Tables and Calculators,Yes,numbers-and-algebra,real-numbers,reciprocals-of-numbers,reciprocals-using-tables-and-calculators,numbers-and-algebra/real-numbers/subsubsec-reciprocals-using-tables-and-calculators.ptx,numbers-and-algebra/real-numbers/reciprocals-using-tables-and-calculators.pdf,numbers-and-algebra/real-numbers/step-by-step-guide_reciprocals-using-tables-and-calculators.pdf,Determine the reciprocal of real numbers by use of mathematical tables and calculators,,,,https://ecampus.idems.international/course/view.php?id=571,YES,YES,YES
Numbers and Algebra,Real Numbers,Reciprocals of Numbers,Using Reciprocals,Yes,numbers-and-algebra,real-numbers,reciprocals-of-numbers,using-reciprocals,numbers-and-algebra/real-numbers/subsubsec-using-reciprocals.ptx,numbers-and-algebra/real-numbers/using-reciprocals.pdf,numbers-and-algebra/real-numbers/step-by-step-guide_using-reciprocals.pdf,Apply reciprocal of real numbers in mathematical computations,Promote the use of real numbers in day-to-day activities,,,https://ecampus.idems.international/course/view.php?id=571,YES,YES,YES
Numbers and Algebra,Indices and Logarithms,Indices,Introduction to Indices,Yes,numbers-and-algebra,indices-and-logarithms,indices,introduction-to-indices,numbers-and-algebra/indices-and-logarithms/subsubsec-introduction-to-indices.ptx,numbers-and-algebra/indices-and-logarithms/introduction-to-indices.pdf,numbers-and-algebra/indices-and-logarithms/step-by-step-guide_introduction-to-indices.pdf,Express numbers in index form,,,,https://ecampus.idems.international/course/view.php?id=573,YES,YES,YES
Numbers and Algebra,Indices and Logarithms,Indices,Laws of Indices,Yes,numbers-and-algebra,indices-and-logarithms,indices,laws-of-indices,numbers-and-algebra/indices-and-logarithms/subsubsec-laws-of-indices.ptx,numbers-and-algebra/indices-and-logarithms/laws-of-indices.pdf,numbers-and-algebra/indices-and-logarithms/step-by-step-guide_laws-of-indices.pdf,Derive the laws of indices using factors,,,,https://ecampus.idems.international/course/view.php?id=573,YES,YES,YES
Numbers and Algebra,Indices and Logarithms,Indices,Zero and Negative Indices,Yes,numbers-and-algebra,indices-and-logarithms,indices,zero-and-negative-indices,numbers-and-algebra/indices-and-logarithms/subsubsec-zero-and-negative-indices.ptx,numbers-and-algebra/indices-and-logarithms/zero-and-negative-indices.pdf,numbers-and-algebra/indices-and-logarithms/step-by-step-guide_zero-and-negative-indices.pdf,Derive the laws of indices using factors,,,,https://ecampus.idems.international/course/view.php?id=573,YES,YES,YES
Numbers and Algebra,Indices and Logarithms,Indices,Indices in Real-Life,Yes,numbers-and-algebra,indices-and-logarithms,indices,indices-in-real-life,numbers-and-algebra/indices-and-logarithms/subsubsec-indices-in-real-life.ptx,numbers-and-algebra/indices-and-logarithms/indices-in-real-life.pdf,numbers-and-algebra/indices-and-logarithms/step-by-step-guide_indices-in-real-life.pdf,Apply the laws of indices in different situations,,,,https://ecampus.idems.international/course/view.php?id=573,YES,YES,YES
Numbers and Algebra,Indices and Logarithms,Logarithms,Introduction to Logarithms,Yes,numbers-and-algebra,indices-and-logarithms,logarithms,introduction-to-logarithms,numbers-and-algebra/indices-and-logarithms/subsubsec-introduction-to-logarithms.ptx,numbers-and-algebra/indices-and-logarithms/introduction-to-logarithms.pdf,numbers-and-algebra/indices-and-logarithms/step-by-step-guide_introduction-to-logarithms.pdf,Relate index notation to logarithm notation to base 10,,,,https://ecampus.idems.international/course/view.php?id=573,YES,YES,YES
Numbers and Algebra,Indices and Logarithms,Logarithms,Finding Logarithms Using Tables and Calculators,Yes,numbers-and-algebra,indices-and-logarithms,logarithms,finding-logarithms-using-tables-and-calculators,numbers-and-algebra/indices-and-logarithms/subsubsec-finding-logarithms-using-tables-and-calculators.ptx,numbers-and-algebra/indices-and-logarithms/finding-logarithms-using-tables-and-calculators.pdf,numbers-and-algebra/indices-and-logarithms/step-by-step-guide_finding-logarithms-using-tables-and-calculators.pdf,Determine common logarithms of numbers from mathematical tables and calculators,,,,https://ecampus.idems.international/course/view.php?id=573,YES,YES,YES
Numbers and Algebra,Indices and Logarithms,Logarithms,Antilogarithms,Yes,numbers-and-algebra,indices-and-logarithms,logarithms,antilogarithms,numbers-and-algebra/indices-and-logarithms/subsubsec-antilogarithms.ptx,numbers-and-algebra/indices-and-logarithms/antilogarithms.pdf,numbers-and-algebra/indices-and-logarithms/step-by-step-guide_antilogarithms.pdf,Determine common logarithms of numbers from mathematical tables and calculators,,,,https://ecampus.idems.international/course/view.php?id=573,YES,YES,YES
Numbers and Algebra,Indices and Logarithms,Logarithms,Logarithms of Products and Ratios,Yes,numbers-and-algebra,indices-and-logarithms,logarithms,logarithms-of-products-and-ratios,numbers-and-algebra/indices-and-logarithms/subsubsec-logarithms-of-products-and-ratios.ptx,numbers-and-algebra/indices-and-logarithms/logarithms-of-products-and-ratios.pdf,numbers-and-algebra/indices-and-logarithms/step-by-step-guide_logarithms-of-products-and-ratios.pdf,"Apply common logarithms in multiplication, division, powers and roots of numbers",,,,https://ecampus.idems.international/course/view.php?id=573,YES,NO,NO
Numbers and Algebra,Indices and Logarithms,Logarithms,Using logarithms to compute Products and Ratios,Yes,numbers-and-algebra,indices-and-logarithms,logarithms,using-logarithms-to-compute-products-and-ratios,numbers-and-algebra/indices-and-logarithms/subsubsec-using-logarithms-to-compute-products-and-ratios.ptx,numbers-and-algebra/indices-and-logarithms/using-logarithms-to-compute-products-and-ratios.pdf,numbers-and-algebra/indices-and-logarithms/step-by-step-guide_using-logarithms-to-compute-products-and-ratios.pdf,"Apply common logarithms in multiplication, division, powers and roots of numbers",,,,https://ecampus.idems.international/course/view.php?id=573,YES,YES,YES
Numbers and Algebra,Indices and Logarithms,Logarithms,Logarithms of Powers and Roots,Yes,numbers-and-algebra,indices-and-logarithms,logarithms,logarithms-of-powers-and-roots,numbers-and-algebra/indices-and-logarithms/subsubsec-logarithms-of-powers-and-roots.ptx,numbers-and-algebra/indices-and-logarithms/logarithms-of-powers-and-roots.pdf,numbers-and-algebra/indices-and-logarithms/step-by-step-guide_logarithms-of-powers-and-roots.pdf,"Apply common logarithms in multiplication, division, powers and roots of numbers",,,,https://ecampus.idems.international/course/view.php?id=573,YES,YES,YES
Numbers and Algebra,Indices and Logarithms,Logarithms,Logarithms in Real-Life,Yes,numbers-and-algebra,indices-and-logarithms,logarithms,logarithms-in-real-life,numbers-and-algebra/indices-and-logarithms/subsubsec-logarithms-in-real-life.ptx,numbers-and-algebra/indices-and-logarithms/logarithms-in-real-life.pdf,numbers-and-algebra/indices-and-logarithms/step-by-step-guide_logarithms-in-real-life.pdf,Appreciate the use of indices and common logarithms in mathematical computations,,,,https://ecampus.idems.international/course/view.php?id=573,YES,YES,YES
Numbers and Algebra,Quadratic Expressions and Equations,Quadratic Expressions,Forming Quadratic Expressions by Multiplying 1,Yes,numbers-and-algebra,quadratic-expressions-and-equations,quadratic-expressions,forming-quadratic-expressions-by-multiplying-1,numbers-and-algebra/quadratic-expressions-and-equations/subsubsec-forming-quadratic-expressions-by-multiplying-1.ptx,numbers-and-algebra/quadratic-expressions-and-equations/forming-quadratic-expressions-by-multiplying-1.pdf,numbers-and-algebra/quadratic-expressions-and-equations/step-by-step-guide_forming-quadratic-expressions-by-multiplying-1.pdf,Form quadratic expressions from different situations,,,,https://ecampus.idems.international/course/view.php?id=574,YES,YES,YES
Numbers and Algebra,Quadratic Expressions and Equations,Quadratic Expressions,Forming Quadratic Expressions by Multiplying 2,Yes,numbers-and-algebra,quadratic-expressions-and-equations,quadratic-expressions,forming-quadratic-expressions-by-multiplying-2,numbers-and-algebra/quadratic-expressions-and-equations/subsubsec-forming-quadratic-expressions-by-multiplying-2.ptx,numbers-and-algebra/quadratic-expressions-and-equations/forming-quadratic-expressions-by-multiplying-2.pdf,numbers-and-algebra/quadratic-expressions-and-equations/step-by-step-guide_forming-quadratic-expressions-by-multiplying-2.pdf,Form quadratic expressions from different situations,,,,https://ecampus.idems.international/course/view.php?id=574,YES,YES,YES
Numbers and Algebra,Quadratic Expressions and Equations,Quadratic Expressions,Forming Quadratic Expressions in Real-Life,Yes,numbers-and-algebra,quadratic-expressions-and-equations,quadratic-expressions,forming-quadratic-expressions-in-real-life,numbers-and-algebra/quadratic-expressions-and-equations/subsubsec-forming-quadratic-expressions-in-real-life.ptx,numbers-and-algebra/quadratic-expressions-and-equations/forming-quadratic-expressions-in-real-life.pdf,numbers-and-algebra/quadratic-expressions-and-equations/step-by-step-guide_forming-quadratic-expressions-in-real-life.pdf,Form quadratic expressions from different situations,,,,https://ecampus.idems.international/course/view.php?id=574,YES,YES,YES
Numbers and Algebra,Quadratic Expressions and Equations,Quadratic Identities,Perfect Squares,Yes,numbers-and-algebra,quadratic-expressions-and-equations,quadratic-identities,perfect-squares,numbers-and-algebra/quadratic-expressions-and-equations/subsubsec-perfect-squares.ptx,numbers-and-algebra/quadratic-expressions-and-equations/perfect-squares.pdf,numbers-and-algebra/quadratic-expressions-and-equations/step-by-step-guide_perfect-squares.pdf,Derive the quadratic identities from the concept of area,,,,https://ecampus.idems.international/course/view.php?id=574,YES,YES,YES
Numbers and Algebra,Quadratic Expressions and Equations,Quadratic Identities,Difference of Squares,Yes,numbers-and-algebra,quadratic-expressions-and-equations,quadratic-identities,difference-of-squares,numbers-and-algebra/quadratic-expressions-and-equations/subsubsec-difference-of-squares.ptx,numbers-and-algebra/quadratic-expressions-and-equations/difference-of-squares.pdf,numbers-and-algebra/quadratic-expressions-and-equations/step-by-step-guide_difference-of-squares.pdf,Derive the quadratic identities from the concept of area,,,,https://ecampus.idems.international/course/view.php?id=574,YES,NO,NO
Numbers and Algebra,Quadratic Expressions and Equations,Quadratic Identities,Quadratic Identities in Numerical Cases,Yes,numbers-and-algebra,quadratic-expressions-and-equations,quadratic-identities,quadratic-identities-in-numerical-cases,numbers-and-algebra/quadratic-expressions-and-equations/subsubsec-quadratic-identities-in-numerical-cases.ptx,numbers-and-algebra/quadratic-expressions-and-equations/quadratic-identities-in-numerical-cases.pdf,numbers-and-algebra/quadratic-expressions-and-equations/step-by-step-guide_quadratic-identities-in-numerical-cases.pdf,Apply quadratic identities in numerical cases,,,,https://ecampus.idems.international/course/view.php?id=574,YES,YES,YES
Numbers and Algebra,Quadratic Expressions and Equations,Factorising Quadratics,Factorising Monic Quadratics,Yes,numbers-and-algebra,quadratic-expressions-and-equations,factorising-quadratics,factorising-monic-quadratics,numbers-and-algebra/quadratic-expressions-and-equations/subsubsec-factorising-monic-quadratics.ptx,numbers-and-algebra/quadratic-expressions-and-equations/factorising-monic-quadratics.pdf,numbers-and-algebra/quadratic-expressions-and-equations/step-by-step-guide_factorising-monic-quadratics.pdf,Factorise quadratic expressions from different situations,,,,https://ecampus.idems.international/course/view.php?id=574,YES,YES,YES
Numbers and Algebra,Quadratic Expressions and Equations,Factorising Quadratics,Factorising Non-Monic Quadratics,Yes,numbers-and-algebra,quadratic-expressions-and-equations,factorising-quadratics,factorising-non-monic-quadratics,numbers-and-algebra/quadratic-expressions-and-equations/subsubsec-factorising-non-monic-quadratics.ptx,numbers-and-algebra/quadratic-expressions-and-equations/factorising-non-monic-quadratics.pdf,numbers-and-algebra/quadratic-expressions-and-equations/step-by-step-guide_factorising-non-monic-quadratics.pdf,Factorise quadratic expressions from different situations,,,,https://ecampus.idems.international/course/view.php?id=574,YES,YES,YES
Numbers and Algebra,Quadratic Expressions and Equations,Quadratic Equations,Formation of Quadratic Equations,Yes,numbers-and-algebra,quadratic-expressions-and-equations,quadratic-equations,formation-of-quadratic-equations,numbers-and-algebra/quadratic-expressions-and-equations/subsubsec-formation-of-quadratic-equations.ptx,numbers-and-algebra/quadratic-expressions-and-equations/formation-of-quadratic-equations.pdf,numbers-and-algebra/quadratic-expressions-and-equations/step-by-step-guide_formation-of-quadratic-equations.pdf,Form quadratic equations in different situations,,,,https://ecampus.idems.international/course/view.php?id=574,YES,YES,YES
Numbers and Algebra,Quadratic Expressions and Equations,Quadratic Equations,Solving Quadratic Equations,Yes,numbers-and-algebra,quadratic-expressions-and-equations,quadratic-equations,solving-quadratic-equations,numbers-and-algebra/quadratic-expressions-and-equations/subsubsec-solving-quadratic-equations.ptx,numbers-and-algebra/quadratic-expressions-and-equations/solving-quadratic-equations.pdf,numbers-and-algebra/quadratic-expressions-and-equations/step-by-step-guide_solving-quadratic-equations.pdf,Solve quadratic equations by factorisation,,,,https://ecampus.idems.international/course/view.php?id=574,YES,YES,YES
Numbers and Algebra,Quadratic Expressions and Equations,Quadratic Equations,Quadratic Equations in Real-Life,Yes,numbers-and-algebra,quadratic-expressions-and-equations,quadratic-equations,quadratic-equations-in-real-life,numbers-and-algebra/quadratic-expressions-and-equations/subsubsec-quadratic-equations-in-real-life.ptx,numbers-and-algebra/quadratic-expressions-and-equations/quadratic-equations-in-real-life.pdf,numbers-and-algebra/quadratic-expressions-and-equations/step-by-step-guide_quadratic-equations-in-real-life.pdf,Apply quadratic equations to real life situations,Explore the use of quadratic equations in real life situations,,,https://ecampus.idems.international/course/view.php?id=574,YES,YES,YES
Measurements and Geometry,Similarity and Enlargement,Introduction to Similarity,,Yes,measurements-and-geometry,similarity-and-enlargement,introduction-to-similarity,,measurements-and-geometry/similarity-and-enlargement/subsec-introduction-to-similarity.ptx,measurements-and-geometry/similarity-and-enlargement/introduction-to-similarity.pdf,measurements-and-geometry/similarity-and-enlargement/step-by-step-guide_introduction-to-similarity.pdf,Determine the centre of enlargement and the linear scale factor for similar figures,Apply similarity and enlargement to real-life situations,Appreciate the use of similarity and enlargement in real-life situations,,,YES,YES,YES
Measurements and Geometry,Similarity and Enlargement,Enlargements of Objects,Positive Enlargements ,Yes,measurements-and-geometry,similarity-and-enlargement,enlargements-of-objects,positive-enlargements,measurements-and-geometry/similarity-and-enlargement/subsubsec-positive-enlargements.ptx,measurements-and-geometry/similarity-and-enlargement/positive-enlargements.pdf,measurements-and-geometry/similarity-and-enlargement/step-by-step-guide_positive-enlargements.pdf,Construct the image of an object under an enlargement given the centre and the linear scale factor,Apply similarity and enlargement to real-life situations,Appreciate the use of similarity and enlargement in real-life situations,,,YES,YES,YES
Measurements and Geometry,Similarity and Enlargement,Enlargements of Objects,Negative Enlargements,Yes,measurements-and-geometry,similarity-and-enlargement,enlargements-of-objects,negative-enlargements,measurements-and-geometry/similarity-and-enlargement/subsubsec-negative-enlargements.ptx,measurements-and-geometry/similarity-and-enlargement/negative-enlargements.pdf,measurements-and-geometry/similarity-and-enlargement/step-by-step-guide_negative-enlargements.pdf,Construct the image of an object under an enlargement given the centre and the linear scale factor,Apply similarity and enlargement to real-life situations,Appreciate the use of similarity and enlargement in real-life situations,,,YES,YES,YES
Measurements and Geometry,Similarity and Enlargement,Scale Factors,Area Scale Factors,Yes,measurements-and-geometry,similarity-and-enlargement,scale-factors,area-scale-factors,measurements-and-geometry/similarity-and-enlargement/subsubsec-area-scale-factors.ptx,measurements-and-geometry/similarity-and-enlargement/area-scale-factors.pdf,measurements-and-geometry/similarity-and-enlargement/step-by-step-guide_area-scale-factors.pdf,Determine the area and volume scale factor of different figures and solids,"Relate linear scale factor, area scale factor, and volume scale factor in enlargements",Apply similarity and enlargement to real-life situations,Appreciate the use of similarity and enlargement in real-life situations,,YES,YES,YES
Measurements and Geometry,Similarity and Enlargement,Scale Factors,Volume Scale Factors,Yes,measurements-and-geometry,similarity-and-enlargement,scale-factors,volume-scale-factors,measurements-and-geometry/similarity-and-enlargement/subsubsec-volume-scale-factors.ptx,measurements-and-geometry/similarity-and-enlargement/volume-scale-factors.pdf,measurements-and-geometry/similarity-and-enlargement/step-by-step-guide_volume-scale-factors.pdf,Determine the area and volume scale factor of different figures and solids,"Relate linear scale factor, area scale factor, and volume scale factor in enlargements",Apply similarity and enlargement to real-life situations,Appreciate the use of similarity and enlargement in real-life situations,,YES,YES,YES
Measurements and Geometry,Similarity and Enlargement,Similarity and Enlargement in Real-Life,,Yes,measurements-and-geometry,similarity-and-enlargement,similarity-and-enlargement-in-real-life,,measurements-and-geometry/similarity-and-enlargement/subsec-similarity-and-enlargement-in-real-life.ptx,measurements-and-geometry/similarity-and-enlargement/similarity-and-enlargement-in-real-life.pdf,measurements-and-geometry/similarity-and-enlargement/step-by-step-guide_similarity-and-enlargement-in-real-life.pdf,Apply similarity and enlargement to real-life situations,Appreciate the use of similarity and enlargement in real-life situations,,,,YES,YES,YES
Measurements and Geometry,Reflection and Congruence,Properties of Symmetry and Reflection,,Yes,measurements-and-geometry,reflection-and-congruence,properties-of-symmetry-and-reflection,,measurements-and-geometry/reflection-and-congruence/subsec-properties-of-symmetry-and-reflection.ptx,measurements-and-geometry/reflection-and-congruence/properties-of-symmetry-and-reflection.pdf,measurements-and-geometry/reflection-and-congruence/step-by-step-guide_properties-of-symmetry-and-reflection.pdf,Identify lines of symmetry in plane figures,Determine the properties of reflection in different situations,,,,YES,YES,YES
Measurements and Geometry,Reflection and Congruence,Reflecting Objects,,Yes,measurements-and-geometry,reflection-and-congruence,reflecting-objects,,measurements-and-geometry/reflection-and-congruence/subsec-reflecting-objects.ptx,measurements-and-geometry/reflection-and-congruence/reflecting-objects.pdf,measurements-and-geometry/reflection-and-congruence/step-by-step-guide_reflecting-objects.pdf,Draw an image given an object and a mirror line on plane surface and Cartesian plane,,,,,YES,YES,YES
Measurements and Geometry,Reflection and Congruence,Equations of Mirror Lines,,Yes,measurements-and-geometry,reflection-and-congruence,equations-of-mirror-lines,,measurements-and-geometry/reflection-and-congruence/subsec-equations-of-mirror-lines.ptx,measurements-and-geometry/reflection-and-congruence/equations-of-mirror-lines.pdf,measurements-and-geometry/reflection-and-congruence/step-by-step-guide_equations-of-mirror-lines.pdf,Determine the equation of the mirror line given an object and its image,,,,,YES,YES,YES
Measurements and Geometry,Reflection and Congruence,Congruence in Triangles,,Yes,measurements-and-geometry,reflection-and-congruence,congruence-in-triangles,,measurements-and-geometry/reflection-and-congruence/subsec-congruence-in-triangles.ptx,measurements-and-geometry/reflection-and-congruence/congruence-in-triangles.pdf,measurements-and-geometry/reflection-and-congruence/step-by-step-guide_congruence-in-triangles.pdf,Carry out congruence tests for triangles,,,,,YES,YES,YES
Measurements and Geometry,Reflection and Congruence,Reflection and Congruence in Real-Life,,Yes,measurements-and-geometry,reflection-and-congruence,reflection-and-congruence-in-real-life,,measurements-and-geometry/reflection-and-congruence/subsec-reflection-and-congruence-in-real-life.ptx,measurements-and-geometry/reflection-and-congruence/reflection-and-congruence-in-real-life.pdf,measurements-and-geometry/reflection-and-congruence/step-by-step-guide_reflection-and-congruence-in-real-life.pdf,Promote use of reflection and congruence in real-life situations,,,,,YES,YES,YES
Measurements and Geometry,Rotation,Properties of Rotation,,Yes,measurements-and-geometry,rotation,properties-of-rotation,,measurements-and-geometry/rotation/subsec-properties-of-rotation.ptx,measurements-and-geometry/rotation/properties-of-rotation.pdf,measurements-and-geometry/rotation/step-by-step-guide_properties-of-rotation.pdf,Determine the properties of rotation in different situations,Appreciate the application of rotation in real-life situations,,,,YES,YES,YES
Measurements and Geometry,Rotation,Centre and Angle of Rotation,,Yes,measurements-and-geometry,rotation,centre-and-angle-of-rotation,,measurements-and-geometry/rotation/subsec-centre-and-angle-of-rotation.ptx,measurements-and-geometry/rotation/centre-and-angle-of-rotation.pdf,measurements-and-geometry/rotation/step-by-step-guide_centre-and-angle-of-rotation.pdf,Determine the centre and angle of rotation given an object and its image,,,,,YES,NO,NO
Measurements and Geometry,Rotation,Rotating Objects,,Yes,measurements-and-geometry,rotation,rotating-objects,,measurements-and-geometry/rotation/subsec-rotating-objects.ptx,measurements-and-geometry/rotation/rotating-objects.pdf,measurements-and-geometry/rotation/step-by-step-guide_rotating-objects.pdf,Rotate an object given the centre and angle of rotation on a plane surface and the Cartesian plane,Determine the centre and angle of rotation given an object and its image,,,,YES,NO,NO
Measurements and Geometry,Rotation,Rotational Symmetry,Rotational Symmetry of Plane Figures,Yes,measurements-and-geometry,rotation,rotational-symmetry,rotational-symmetry-of-plane-figures,measurements-and-geometry/rotation/subsubsec-rotational-symmetry-of-plane-figures.ptx,measurements-and-geometry/rotation/rotational-symmetry-of-plane-figures.pdf,measurements-and-geometry/rotation/step-by-step-guide_rotational-symmetry-of-plane-figures.pdf,Determine the order of rotational symmetry of plane figures,Appreciate the application of rotation in real-life situations,,,,YES,YES,YES
Measurements and Geometry,Rotation,Rotational Symmetry,Rotational Symmetry of Solids,Yes,measurements-and-geometry,rotation,rotational-symmetry,rotational-symmetry-of-solids,measurements-and-geometry/rotation/subsubsec-rotational-symmetry-of-solids.ptx,measurements-and-geometry/rotation/rotational-symmetry-of-solids.pdf,measurements-and-geometry/rotation/step-by-step-guide_rotational-symmetry-of-solids.pdf,Determine the axis and order of rotational symmetry in solids,Appreciate the application of rotation in real-life situations,,,,YES,YES,YES
Measurements and Geometry,Rotation,Rotation and Congruence,,Yes,measurements-and-geometry,rotation,rotation-and-congruence,,measurements-and-geometry/rotation/subsec-rotation-and-congruence.ptx,measurements-and-geometry/rotation/rotation-and-congruence.pdf,measurements-and-geometry/rotation/step-by-step-guide_rotation-and-congruence.pdf,Deduce congruence from rotation,Appreciate the application of rotation in real-life situations,,,,YES,YES,YES
Measurements and Geometry,Rotation,Rotation in Real-Life,,Yes,measurements-and-geometry,rotation,rotation-in-real-life,,measurements-and-geometry/rotation/subsec-rotation-in-real-life.ptx,measurements-and-geometry/rotation/rotation-in-real-life.pdf,measurements-and-geometry/rotation/step-by-step-guide_rotation-in-real-life.pdf,Appreciate the application of rotation in real-life situations,,,,,YES,YES,YES
Measurements and Geometry,Trigonometry 1,Tangents of Acute Angles,,Yes,measurements-and-geometry,trigonometry-1,tangents-of-acute-angles,,measurements-and-geometry/trigonometry-1/subsec-tangents-of-acute-angles.ptx,measurements-and-geometry/trigonometry-1/tangents-of-acute-angles.pdf,measurements-and-geometry/trigonometry-1/step-by-step-guide_tangents-of-acute-angles.pdf,"Relate the sine, cosine and tangent of acute angles",,,,,YES,YES,YES
Measurements and Geometry,Trigonometry 1,Sines and Cosines of Acute Angles,,Yes,measurements-and-geometry,trigonometry-1,sines-and-cosines-of-acute-angles,,measurements-and-geometry/trigonometry-1/subsec-sines-and-cosines-of-acute-angles.ptx,measurements-and-geometry/trigonometry-1/sines-and-cosines-of-acute-angles.pdf,measurements-and-geometry/trigonometry-1/step-by-step-guide_sines-and-cosines-of-acute-angles.pdf,"Relate the sine, cosine and tangent of acute angles",,,,,YES,YES,YES
Measurements and Geometry,Trigonometry 1,Trigonometric Ratios of Special Angles,"Special Angles: 0, 45, and 90 Degrees",Yes,measurements-and-geometry,trigonometry-1,trigonometric-ratios-of-special-angles,special-angles-0-45-and-90-degrees,measurements-and-geometry/trigonometry-1/subsubsec-special-angles-0-45-and-90-degrees.ptx,measurements-and-geometry/trigonometry-1/special-angles-0-45-and-90-degrees.pdf,measurements-and-geometry/trigonometry-1/step-by-step-guide_special-angles-0-45-and-90-degrees.pdf,"Determine trigonometric ratios of special angles: 30, 45, 60, and 90 degrees using triangles",,,,,YES,YES,YES
Measurements and Geometry,Trigonometry 1,Trigonometric Ratios of Special Angles,Special Angles: 30 and 60 Degrees,Yes,measurements-and-geometry,trigonometry-1,trigonometric-ratios-of-special-angles,special-angles-30-and-60-degrees,measurements-and-geometry/trigonometry-1/subsubsec-special-angles-30-and-60-degrees.ptx,measurements-and-geometry/trigonometry-1/special-angles-30-and-60-degrees.pdf,measurements-and-geometry/trigonometry-1/step-by-step-guide_special-angles-30-and-60-degrees.pdf,"Determine trigonometric ratios of special angles: 30, 45, 60, and 90 degrees using triangles",,,,,YES,NO,NO
Measurements and Geometry,Trigonometry 1,Trigonometry Using Tables and Calculators,,Yes,measurements-and-geometry,trigonometry-1,trigonometry-using-tables-and-calculators,,measurements-and-geometry/trigonometry-1/subsec-trigonometry-using-tables-and-calculators.ptx,measurements-and-geometry/trigonometry-1/trigonometry-using-tables-and-calculators.pdf,measurements-and-geometry/trigonometry-1/step-by-step-guide_trigonometry-using-tables-and-calculators.pdf,Determine the trigonometric ratios of acute angles from mathematical tables and calculators,,,,,YES,YES,YES
Measurements and Geometry,Trigonometry 1,Sines and Cosines of Complementary Angles,,Yes,measurements-and-geometry,trigonometry-1,sines-and-cosines-of-complementary-angles,,measurements-and-geometry/trigonometry-1/subsec-sines-and-cosines-of-complementary-angles.ptx,measurements-and-geometry/trigonometry-1/sines-and-cosines-of-complementary-angles.pdf,measurements-and-geometry/trigonometry-1/step-by-step-guide_sines-and-cosines-of-complementary-angles.pdf,Relate sines and cosines of complementary angles,,,,,YES,YES,YES
Measurements and Geometry,Trigonometry 1,Angles of Elevation and Depression,Angles of Elevation,Yes,measurements-and-geometry,trigonometry-1,angles-of-elevation-and-depression,angles-of-elevation,measurements-and-geometry/trigonometry-1/subsubsec-angles-of-elevation.ptx,measurements-and-geometry/trigonometry-1/angles-of-elevation.pdf,measurements-and-geometry/trigonometry-1/step-by-step-guide_angles-of-elevation.pdf,Apply trigonometric ratios to angles of elevation and depression,,,,,YES,YES,YES
Measurements and Geometry,Trigonometry 1,Angles of Elevation and Depression,Angles of Depression,Yes,measurements-and-geometry,trigonometry-1,angles-of-elevation-and-depression,angles-of-depression,measurements-and-geometry/trigonometry-1/subsubsec-angles-of-depression.ptx,measurements-and-geometry/trigonometry-1/angles-of-depression.pdf,measurements-and-geometry/trigonometry-1/step-by-step-guide_angles-of-depression.pdf,Apply trigonometric ratios to angles of elevation and depression,,,,,YES,YES,YES
Measurements and Geometry,Trigonometry 1,Trigonometry in Real-Life,,Yes,measurements-and-geometry,trigonometry-1,trigonometry-in-real-life,,measurements-and-geometry/trigonometry-1/subsec-trigonometry-in-real-life.ptx,measurements-and-geometry/trigonometry-1/trigonometry-in-real-life.pdf,measurements-and-geometry/trigonometry-1/step-by-step-guide_trigonometry-in-real-life.pdf,Reflect on the use of trigonometry in real-life situations,,,,,YES,NO,NO
Measurements and Geometry,Area of Polygons,Area of Triangles,Using Two Sides and an Angle,Yes,measurements-and-geometry,area-of-polygons,area-of-triangles,using-two-sides-and-an-angle,measurements-and-geometry/area-of-polygons/subsubsec-using-two-sides-and-an-angle.ptx,measurements-and-geometry/area-of-polygons/using-two-sides-and-an-angle.pdf,measurements-and-geometry/area-of-polygons/step-by-step-guide_using-two-sides-and-an-angle.pdf,Derive the formula for the area of a triangle given two sides and an included angle,Work out the area of a triangle given two sides and an included angle,,,,YES,YES,YES
Measurements and Geometry,Area of Polygons,Area of Triangles,Heron's Formula,Yes,measurements-and-geometry,area-of-polygons,area-of-triangles,herons-formula,measurements-and-geometry/area-of-polygons/subsubsec-herons-formula.ptx,measurements-and-geometry/area-of-polygons/herons-formula.pdf,measurements-and-geometry/area-of-polygons/step-by-step-guide_herons-formula.pdf,Determine the area of a triangle using Heron's formula,,,,,YES,NO,NO
Measurements and Geometry,Area of Polygons,Area of Quadrilaterals,Area of Squares and Rectangles,Yes,measurements-and-geometry,area-of-polygons,area-of-quadrilaterals,area-of-squares-and-rectangles,measurements-and-geometry/area-of-polygons/subsubsec-area-of-squares-and-rectangles.ptx,measurements-and-geometry/area-of-polygons/area-of-squares-and-rectangles.pdf,measurements-and-geometry/area-of-polygons/step-by-step-guide_area-of-squares-and-rectangles.pdf,Determine the area of quadrilaterals in different situations,Explore the area of polygons as used in real-life situations,,,,YES,YES,YES
Measurements and Geometry,Area of Polygons,Area of Quadrilaterals,Area of Parallelograms,Yes,measurements-and-geometry,area-of-polygons,area-of-quadrilaterals,area-of-parallelograms,measurements-and-geometry/area-of-polygons/subsubsec-area-of-parallelograms.ptx,measurements-and-geometry/area-of-polygons/area-of-parallelograms.pdf,measurements-and-geometry/area-of-polygons/step-by-step-guide_area-of-parallelograms.pdf,Determine the area of quadrilaterals in different situations,Explore the area of polygons as used in real-life situations,,,,YES,YES,YES
Measurements and Geometry,Area of Polygons,Area of Quadrilaterals,Area of Rhombuses,Yes,measurements-and-geometry,area-of-polygons,area-of-quadrilaterals,area-of-rhombuses,measurements-and-geometry/area-of-polygons/subsubsec-area-of-rhombuses.ptx,measurements-and-geometry/area-of-polygons/area-of-rhombuses.pdf,measurements-and-geometry/area-of-polygons/step-by-step-guide_area-of-rhombuses.pdf,Determine the area of quadrilaterals in different situations,Explore the area of polygons as used in real-life situations,,,,YES,YES,YES
Measurements and Geometry,Area of Polygons,Area of Quadrilaterals,Area of Trapeziums,Yes,measurements-and-geometry,area-of-polygons,area-of-quadrilaterals,area-of-trapeziums,measurements-and-geometry/area-of-polygons/subsubsec-area-of-trapeziums.ptx,measurements-and-geometry/area-of-polygons/area-of-trapeziums.pdf,measurements-and-geometry/area-of-polygons/step-by-step-guide_area-of-trapeziums.pdf,Determine the area of quadrilaterals in different situations,Explore the area of polygons as used in real-life situations,,,,YES,YES,YES
Measurements and Geometry,Area of Polygons,Area of Quadrilaterals,Area of Kites,Yes,measurements-and-geometry,area-of-polygons,area-of-quadrilaterals,area-of-kites,measurements-and-geometry/area-of-polygons/subsubsec-area-of-kites.ptx,measurements-and-geometry/area-of-polygons/area-of-kites.pdf,measurements-and-geometry/area-of-polygons/step-by-step-guide_area-of-kites.pdf,Determine the area of quadrilaterals in different situations,Explore the area of polygons as used in real-life situations,,,,YES,YES,YES
Measurements and Geometry,Area of Polygons,Area of Regular Polygons,Area of Heptagons,Yes,measurements-and-geometry,area-of-polygons,area-of-regular-polygons,area-of-heptagons,measurements-and-geometry/area-of-polygons/subsubsec-area-of-heptagons.ptx,measurements-and-geometry/area-of-polygons/area-of-heptagons.pdf,measurements-and-geometry/area-of-polygons/step-by-step-guide_area-of-heptagons.pdf,Work out the area of regular heptagon and octagon,Explore the area of polygons as used in real-life situations,,,,YES,YES,YES
Measurements and Geometry,Area of Polygons,Area of Regular Polygons,Area of Octagons,Yes,measurements-and-geometry,area-of-polygons,area-of-regular-polygons,area-of-octagons,measurements-and-geometry/area-of-polygons/subsubsec-area-of-octagons.ptx,measurements-and-geometry/area-of-polygons/area-of-octagons.pdf,measurements-and-geometry/area-of-polygons/step-by-step-guide_area-of-octagons.pdf,Work out the area of regular heptagon and octagon,Explore the area of polygons as used in real-life situations,,,,YES,YES,YES
Measurements and Geometry,Area of Polygons,Area of Regular Polygons,Area of Nonagons,Extension,measurements-and-geometry,area-of-polygons,area-of-regular-polygons,area-of-nonagons,measurements-and-geometry/area-of-polygons/subsubsec-area-of-nonagons.ptx,measurements-and-geometry/area-of-polygons/area-of-nonagons.pdf,measurements-and-geometry/area-of-polygons/step-by-step-guide_area-of-nonagons.pdf,,,,,,YES,NO,NO
Measurements and Geometry,Area of Polygons,Area of Regular Polygons,Area of Decagons,Extension,measurements-and-geometry,area-of-polygons,area-of-regular-polygons,area-of-decagons,measurements-and-geometry/area-of-polygons/subsubsec-area-of-decagons.ptx,measurements-and-geometry/area-of-polygons/area-of-decagons.pdf,measurements-and-geometry/area-of-polygons/step-by-step-guide_area-of-decagons.pdf,,,,,,YES,NO,NO
Measurements and Geometry,Area of Polygons,Area of Irregular Polygons,,Yes,measurements-and-geometry,area-of-polygons,area-of-irregular-polygons,,measurements-and-geometry/area-of-polygons/subsec-area-of-irregular-polygons.ptx,measurements-and-geometry/area-of-polygons/area-of-irregular-polygons.pdf,measurements-and-geometry/area-of-polygons/step-by-step-guide_area-of-irregular-polygons.pdf,Determine the area of irregular polygons in different situations,Explore the area of polygons as used in real-life situations,,,,YES,YES,YES
Measurements and Geometry,Area of Polygons,Area of Polygons in Real-Life,,Yes,measurements-and-geometry,area-of-polygons,area-of-polygons-in-real-life,,measurements-and-geometry/area-of-polygons/subsec-area-of-polygons-in-real-life.ptx,measurements-and-geometry/area-of-polygons/area-of-polygons-in-real-life.pdf,measurements-and-geometry/area-of-polygons/step-by-step-guide_area-of-polygons-in-real-life.pdf,Explore the area of polygons as used in real-life situations,,,,,YES,NO,NO
Measurements and Geometry,Area of a Part of a Circle,Area of an Annulus,,Yes,measurements-and-geometry,area-of-a-part-of-a-circle,area-of-an-annulus,,measurements-and-geometry/area-of-a-part-of-a-circle/subsec-area-of-an-annulus.ptx,measurements-and-geometry/area-of-a-part-of-a-circle/area-of-an-annulus.pdf,measurements-and-geometry/area-of-a-part-of-a-circle/step-by-step-guide_area-of-an-annulus.pdf,Determine the area of an annulus in different situations,Apply the area of a part of a circle in real-life situations,Explore the use of the area of a part of a circle in real-life situations,,,YES,YES,YES
Measurements and Geometry,Area of a Part of a Circle,Area of Sectors,,Yes,measurements-and-geometry,area-of-a-part-of-a-circle,area-of-sectors,,measurements-and-geometry/area-of-a-part-of-a-circle/subsec-area-of-sectors.ptx,measurements-and-geometry/area-of-a-part-of-a-circle/area-of-sectors.pdf,measurements-and-geometry/area-of-a-part-of-a-circle/step-by-step-guide_area-of-sectors.pdf,Work out the area of a sector of a circle in real-life situations,Apply the area of a part of a circle in real-life situations,Explore the use of the area of a part of a circle in real-life situations,,,YES,YES,YES
Measurements and Geometry,Area of a Part of a Circle,Area of Annular Sectors,,Yes,measurements-and-geometry,area-of-a-part-of-a-circle,area-of-annular-sectors,,measurements-and-geometry/area-of-a-part-of-a-circle/subsec-area-of-annular-sectors.ptx,measurements-and-geometry/area-of-a-part-of-a-circle/area-of-annular-sectors.pdf,measurements-and-geometry/area-of-a-part-of-a-circle/step-by-step-guide_area-of-annular-sectors.pdf,Determine the area of an annular sector in different situations,Apply the area of a part of a circle in real-life situations,Explore the use of the area of a part of a circle in real-life situations,,,YES,YES,YES
Measurements and Geometry,Area of a Part of a Circle,Area of Segments,,Yes,measurements-and-geometry,area-of-a-part-of-a-circle,area-of-segments,,measurements-and-geometry/area-of-a-part-of-a-circle/subsec-area-of-segments.ptx,measurements-and-geometry/area-of-a-part-of-a-circle/area-of-segments.pdf,measurements-and-geometry/area-of-a-part-of-a-circle/step-by-step-guide_area-of-segments.pdf,Work out the area of a segment of a circle,Apply the area of a part of a circle in real-life situations,Explore the use of the area of a part of a circle in real-life situations,,,YES,YES,YES
Measurements and Geometry,Area of a Part of a Circle,Area of Common Regions Between Circles,,Yes,measurements-and-geometry,area-of-a-part-of-a-circle,area-of-common-regions-between-circles,,measurements-and-geometry/area-of-a-part-of-a-circle/subsec-area-of-common-regions-between-circles.ptx,measurements-and-geometry/area-of-a-part-of-a-circle/area-of-common-regions-between-circles.pdf,measurements-and-geometry/area-of-a-part-of-a-circle/step-by-step-guide_area-of-common-regions-between-circles.pdf,Determine the area of common region between two intersecting circles,Apply the area of a part of a circle in real-life situations,Explore the use of the area of a part of a circle in real-life situations,,,YES,YES,YES
Measurements and Geometry,Area of a Part of a Circle,Area of a Part of a Circle in Real-Life,,Yes,measurements-and-geometry,area-of-a-part-of-a-circle,area-of-a-part-of-a-circle-in-real-life,,measurements-and-geometry/area-of-a-part-of-a-circle/subsec-area-of-a-part-of-a-circle-in-real-life.ptx,measurements-and-geometry/area-of-a-part-of-a-circle/area-of-a-part-of-a-circle-in-real-life.pdf,measurements-and-geometry/area-of-a-part-of-a-circle/step-by-step-guide_area-of-a-part-of-a-circle-in-real-life.pdf,Apply the area of a part of a circle in real-life situations,Explore the use of the area of a part of a circle in real-life situations,,,,YES,YES,YES
Measurements and Geometry,Surface Area,Surface Area of Cubes and Cuboids,,Extension,measurements-and-geometry,surface-area,surface-area-of-cubes-and-cuboids,,measurements-and-geometry/surface-area/subsec-surface-area-of-cubes-and-cuboids.ptx,measurements-and-geometry/surface-area/surface-area-of-cubes-and-cuboids.pdf,measurements-and-geometry/surface-area/step-by-step-guide_surface-area-of-cubes-and-cuboids.pdf,,,,,,YES,NO,NO
Measurements and Geometry,Surface Area,Surface Area of Prisms,,Yes,measurements-and-geometry,surface-area,surface-area-of-prisms,,measurements-and-geometry/surface-area/subsec-surface-area-of-prisms.ptx,measurements-and-geometry/surface-area/surface-area-of-prisms.pdf,measurements-and-geometry/surface-area/step-by-step-guide_surface-area-of-prisms.pdf,"Determine the surface area of prisms, pyramids, cones, frustums and spheres",Explore the use of the surface area and volume of solids in real-life situations,,,,YES,YES,YES
Measurements and Geometry,Surface Area,Surface Area of Cylinders,,Extension,measurements-and-geometry,surface-area,surface-area-of-cylinders,,measurements-and-geometry/surface-area/subsec-surface-area-of-cylinders.ptx,measurements-and-geometry/surface-area/surface-area-of-cylinders.pdf,measurements-and-geometry/surface-area/step-by-step-guide_surface-area-of-cylinders.pdf,"Determine the surface area of prisms, pyramids, cones, frustums and spheres",Explore the use of the surface area and volume of solids in real-life situations,,,,YES,NO,NO
Measurements and Geometry,Surface Area,Surface Area of Pyramids,,Yes,measurements-and-geometry,surface-area,surface-area-of-pyramids,,measurements-and-geometry/surface-area/subsec-surface-area-of-pyramids.ptx,measurements-and-geometry/surface-area/surface-area-of-pyramids.pdf,measurements-and-geometry/surface-area/step-by-step-guide_surface-area-of-pyramids.pdf,"Determine the surface area of prisms, pyramids, cones, frustums and spheres",Explore the use of the surface area and volume of solids in real-life situations,,,,YES,YES,YES
Measurements and Geometry,Surface Area,Surface Area of Cones,,Yes,measurements-and-geometry,surface-area,surface-area-of-cones,,measurements-and-geometry/surface-area/subsec-surface-area-of-cones.ptx,measurements-and-geometry/surface-area/surface-area-of-cones.pdf,measurements-and-geometry/surface-area/step-by-step-guide_surface-area-of-cones.pdf,"Determine the surface area of prisms, pyramids, cones, frustums and spheres",Explore the use of the surface area and volume of solids in real-life situations,,,,YES,YES,YES
Measurements and Geometry,Surface Area,Surface Area of Frustums,,Yes,measurements-and-geometry,surface-area,surface-area-of-frustums,,measurements-and-geometry/surface-area/subsec-surface-area-of-frustums.ptx,measurements-and-geometry/surface-area/surface-area-of-frustums.pdf,measurements-and-geometry/surface-area/step-by-step-guide_surface-area-of-frustums.pdf,"Determine the surface area of prisms, pyramids, cones, frustums and spheres",Explore the use of the surface area and volume of solids in real-life situations,,,,YES,YES,YES
Measurements and Geometry,Surface Area,Surface Area of Spheres,,Yes,measurements-and-geometry,surface-area,surface-area-of-spheres,,measurements-and-geometry/surface-area/subsec-surface-area-of-spheres.ptx,measurements-and-geometry/surface-area/surface-area-of-spheres.pdf,measurements-and-geometry/surface-area/step-by-step-guide_surface-area-of-spheres.pdf,"Determine the surface area of prisms, pyramids, cones, frustums and spheres",Explore the use of the surface area and volume of solids in real-life situations,,,,YES,YES,YES
Measurements and Geometry,Surface Area,Surface Area of Composite Solids,,Yes,measurements-and-geometry,surface-area,surface-area-of-composite-solids,,measurements-and-geometry/surface-area/subsec-surface-area-of-composite-solids.ptx,measurements-and-geometry/surface-area/surface-area-of-composite-solids.pdf,measurements-and-geometry/surface-area/step-by-step-guide_surface-area-of-composite-solids.pdf,Calculate the surface area of composite solids,Explore the use of the surface area and volume of solids in real-life situations,,,,YES,YES,YES
Measurements and Geometry,Surface Area,Surface Area in Real-Life,,Yes,measurements-and-geometry,surface-area,surface-area-in-real-life,,measurements-and-geometry/surface-area/subsec-surface-area-in-real-life.ptx,measurements-and-geometry/surface-area/surface-area-in-real-life.pdf,measurements-and-geometry/surface-area/step-by-step-guide_surface-area-in-real-life.pdf,Explore the use of the surface area and volume of solids in real-life situations,,,,,YES,YES,YES
Measurements and Geometry,Volume,Volume of Cubes and Cuboids,,Extension,measurements-and-geometry,volume,volume-of-cubes-and-cuboids,,measurements-and-geometry/volume/subsec-volume-of-cubes-and-cuboids.ptx,measurements-and-geometry/volume/volume-of-cubes-and-cuboids.pdf,measurements-and-geometry/volume/step-by-step-guide_volume-of-cubes-and-cuboids.pdf,,,,,,YES,NO,NO
Measurements and Geometry,Volume,Volume of Prisms,,Yes,measurements-and-geometry,volume,volume-of-prisms,,measurements-and-geometry/volume/subsec-volume-of-prisms.ptx,measurements-and-geometry/volume/volume-of-prisms.pdf,measurements-and-geometry/volume/step-by-step-guide_volume-of-prisms.pdf,"Calculate the volume of prisms, pyramids, cones, frustums and spheres",Explore the use of the surface area and volume of solids in real-life situations,,,,YES,YES,YES
Measurements and Geometry,Volume,Volume of Cylinders,,Extension,measurements-and-geometry,volume,volume-of-cylinders,,measurements-and-geometry/volume/subsec-volume-of-cylinders.ptx,measurements-and-geometry/volume/volume-of-cylinders.pdf,measurements-and-geometry/volume/step-by-step-guide_volume-of-cylinders.pdf,,,,,,YES,NO,NO
Measurements and Geometry,Volume,Volume of Pyramids,,Yes,measurements-and-geometry,volume,volume-of-pyramids,,measurements-and-geometry/volume/subsec-volume-of-pyramids.ptx,measurements-and-geometry/volume/volume-of-pyramids.pdf,measurements-and-geometry/volume/step-by-step-guide_volume-of-pyramids.pdf,"Calculate the volume of prisms, pyramids, cones, frustums and spheres",Explore the use of the surface area and volume of solids in real-life situations,,,,YES,YES,YES
Measurements and Geometry,Volume,Volume of Cones,,Yes,measurements-and-geometry,volume,volume-of-cones,,measurements-and-geometry/volume/subsec-volume-of-cones.ptx,measurements-and-geometry/volume/volume-of-cones.pdf,measurements-and-geometry/volume/step-by-step-guide_volume-of-cones.pdf,"Calculate the volume of prisms, pyramids, cones, frustums and spheres",Explore the use of the surface area and volume of solids in real-life situations,,,,YES,YES,YES
Measurements and Geometry,Volume,Volume of Frustums,,Yes,measurements-and-geometry,volume,volume-of-frustums,,measurements-and-geometry/volume/subsec-volume-of-frustums.ptx,measurements-and-geometry/volume/volume-of-frustums.pdf,measurements-and-geometry/volume/step-by-step-guide_volume-of-frustums.pdf,"Calculate the volume of prisms, pyramids, cones, frustums and spheres",Explore the use of the surface area and volume of solids in real-life situations,,,,YES,YES,YES
Measurements and Geometry,Volume,Volume of Spheres,,Yes,measurements-and-geometry,volume,volume-of-spheres,,measurements-and-geometry/volume/subsec-volume-of-spheres.ptx,measurements-and-geometry/volume/volume-of-spheres.pdf,measurements-and-geometry/volume/step-by-step-guide_volume-of-spheres.pdf,"Calculate the volume of prisms, pyramids, cones, frustums and spheres",Explore the use of the surface area and volume of solids in real-life situations,,,,YES,YES,YES
Measurements and Geometry,Volume,Volume of Composite Solids,,Yes,measurements-and-geometry,volume,volume-of-composite-solids,,measurements-and-geometry/volume/subsec-volume-of-composite-solids.ptx,measurements-and-geometry/volume/volume-of-composite-solids.pdf,measurements-and-geometry/volume/step-by-step-guide_volume-of-composite-solids.pdf,Determine the volume of composite solids,Explore the use of the surface area and volume of solids in real-life situations,,,,YES,YES,YES
Measurements and Geometry,Volume,Volume in Real-Life,,Yes,measurements-and-geometry,volume,volume-in-real-life,,measurements-and-geometry/volume/subsec-volume-in-real-life.ptx,measurements-and-geometry/volume/volume-in-real-life.pdf,measurements-and-geometry/volume/step-by-step-guide_volume-in-real-life.pdf,Explore the use of the surface area and volume of solids in real-life situations,,,,,YES,YES,YES
Measurements and Geometry,Vectors 1,Vector and Scalar Quantities,,Yes,measurements-and-geometry,vectors-1,vector-and-scalar-quantities,,measurements-and-geometry/vectors-1/subsec-vector-and-scalar-quantities.ptx,measurements-and-geometry/vectors-1/vector-and-scalar-quantities.pdf,measurements-and-geometry/vectors-1/step-by-step-guide_vector-and-scalar-quantities.pdf,Explain vector and scalar quantities with illustrations,Use vector notations in different ways,,,,YES,YES,YES
Measurements and Geometry,Vectors 1,Representing Vectors,Representing Vectors Geometrically,Yes,measurements-and-geometry,vectors-1,representing-vectors,representing-vectors-geometrically,measurements-and-geometry/vectors-1/subsubsec-representing-vectors-geometrically.ptx,measurements-and-geometry/vectors-1/representing-vectors-geometrically.pdf,measurements-and-geometry/vectors-1/step-by-step-guide_representing-vectors-geometrically.pdf,Represent vectors geometrically in different situations,,,,,YES,YES,YES
Measurements and Geometry,Vectors 1,Representing Vectors,Column Vectors,Yes,measurements-and-geometry,vectors-1,representing-vectors,column-vectors,measurements-and-geometry/vectors-1/subsubsec-column-vectors.ptx,measurements-and-geometry/vectors-1/column-vectors.pdf,measurements-and-geometry/vectors-1/step-by-step-guide_column-vectors.pdf,Determine column vectors in different situations,Determine position vectors in different situations,,,,YES,YES,YES
Measurements and Geometry,Vectors 1,Representing Vectors,Position Vectors,Yes,measurements-and-geometry,vectors-1,representing-vectors,position-vectors,measurements-and-geometry/vectors-1/subsubsec-position-vectors.ptx,measurements-and-geometry/vectors-1/position-vectors.pdf,measurements-and-geometry/vectors-1/step-by-step-guide_position-vectors.pdf,Determine column vectors in different situations,Determine position vectors in different situations,,,,YES,YES,YES
Measurements and Geometry,Vectors 1,Magnitudes of Vectors,,Yes,measurements-and-geometry,vectors-1,magnitudes-of-vectors,,measurements-and-geometry/vectors-1/subsec-magnitudes-of-vectors.ptx,measurements-and-geometry/vectors-1/magnitudes-of-vectors.pdf,measurements-and-geometry/vectors-1/step-by-step-guide_magnitudes-of-vectors.pdf,Work out magnitude of a vector in different situations,,,,,YES,YES,YES
Measurements and Geometry,Vectors 1,Midpoints of Vectors,,Yes,measurements-and-geometry,vectors-1,midpoints-of-vectors,,measurements-and-geometry/vectors-1/subsec-midpoints-of-vectors.ptx,measurements-and-geometry/vectors-1/midpoints-of-vectors.pdf,measurements-and-geometry/vectors-1/step-by-step-guide_midpoints-of-vectors.pdf,Determine the midpoint of a vector in different situations,,,,,YES,YES,YES
Measurements and Geometry,Vectors 1,Manipulating Vectors,Adding Vectors,Yes,measurements-and-geometry,vectors-1,manipulating-vectors,adding-vectors,measurements-and-geometry/vectors-1/subsubsec-adding-vectors.ptx,measurements-and-geometry/vectors-1/adding-vectors.pdf,measurements-and-geometry/vectors-1/step-by-step-guide_adding-vectors.pdf,Add vectors in different situations,,,,,YES,YES,YES
Measurements and Geometry,Vectors 1,Manipulating Vectors,Multiplying Vectors by Scalars,Yes,measurements-and-geometry,vectors-1,manipulating-vectors,multiplying-vectors-by-scalars,measurements-and-geometry/vectors-1/subsubsec-multiplying-vectors-by-scalars.ptx,measurements-and-geometry/vectors-1/multiplying-vectors-by-scalars.pdf,measurements-and-geometry/vectors-1/step-by-step-guide_multiplying-vectors-by-scalars.pdf,Multiply vectors by scalars,,,,,YES,YES,YES
Measurements and Geometry,Vectors 1,Manipulating Vectors,Translating Vectors,Yes,measurements-and-geometry,vectors-1,manipulating-vectors,translating-vectors,measurements-and-geometry/vectors-1/subsubsec-translating-vectors.ptx,measurements-and-geometry/vectors-1/translating-vectors.pdf,measurements-and-geometry/vectors-1/step-by-step-guide_translating-vectors.pdf,Determine translation vector as a transformation,,,,,YES,YES,YES
Measurements and Geometry,Vectors 1,Manipulating Vectors,Equivalent Vectors,Yes,measurements-and-geometry,vectors-1,manipulating-vectors,equivalent-vectors,measurements-and-geometry/vectors-1/subsubsec-equivalent-vectors.ptx,measurements-and-geometry/vectors-1/equivalent-vectors.pdf,measurements-and-geometry/vectors-1/step-by-step-guide_equivalent-vectors.pdf,Identify equivalent vectors in different situations,,,,,YES,YES,YES
Measurements and Geometry,Vectors 1,Vectors in Real-Life,,Yes,measurements-and-geometry,vectors-1,vectors-in-real-life,,measurements-and-geometry/vectors-1/subsec-vectors-in-real-life.ptx,measurements-and-geometry/vectors-1/vectors-in-real-life.pdf,measurements-and-geometry/vectors-1/step-by-step-guide_vectors-in-real-life.pdf,Appreciate the use of vectors in real-life situations,,,,,YES,YES,YES
Measurements and Geometry,Linear Motion,Distance and Displacement,,Yes,measurements-and-geometry,linear-motion,distance-and-displacement,,measurements-and-geometry/linear-motion/subsec-distance-and-displacement.ptx,measurements-and-geometry/linear-motion/distance-and-displacement.pdf,measurements-and-geometry/linear-motion/step-by-step-guide_distance-and-displacement.pdf,"Explain the terms distance, displacement, speed, velocity and acceleration in real-life situations",,,,,YES,YES,YES
Measurements and Geometry,Linear Motion,Speed and Velocity,,Yes,measurements-and-geometry,linear-motion,speed-and-velocity,,measurements-and-geometry/linear-motion/subsec-speed-and-velocity.ptx,measurements-and-geometry/linear-motion/speed-and-velocity.pdf,measurements-and-geometry/linear-motion/step-by-step-guide_speed-and-velocity.pdf,"Explain the terms distance, displacement, speed, velocity and acceleration in real-life situations",Determine velocity and acceleration in different situations,,,,YES,YES,YES
Measurements and Geometry,Linear Motion,Relative Speeds,Relative Speeds of Objects Moving in the Same Direction,Yes,measurements-and-geometry,linear-motion,relative-speeds,relative-speeds-of-objects-moving-in-the-same-direction,measurements-and-geometry/linear-motion/subsubsec-relative-speeds-of-objects-moving-in-the-same-direction.ptx,measurements-and-geometry/linear-motion/relative-speeds-of-objects-moving-in-the-same-direction.pdf,measurements-and-geometry/linear-motion/step-by-step-guide_relative-speeds-of-objects-moving-in-the-same-direction.pdf,Determine relative speed of two moving bodies in different situations,,,,,YES,YES,YES
Measurements and Geometry,Linear Motion,Relative Speeds,Relative Speeds of Objects Moving in Different Directions,Yes,measurements-and-geometry,linear-motion,relative-speeds,relative-speeds-of-objects-moving-in-different-directions,measurements-and-geometry/linear-motion/subsubsec-relative-speeds-of-objects-moving-in-different-directions.ptx,measurements-and-geometry/linear-motion/relative-speeds-of-objects-moving-in-different-directions.pdf,measurements-and-geometry/linear-motion/step-by-step-guide_relative-speeds-of-objects-moving-in-different-directions.pdf,Determine relative speed of two moving bodies in different situations,,,,,YES,YES,YES
Measurements and Geometry,Linear Motion,Acceleration,,Yes,measurements-and-geometry,linear-motion,acceleration,,measurements-and-geometry/linear-motion/subsec-acceleration.ptx,measurements-and-geometry/linear-motion/acceleration.pdf,measurements-and-geometry/linear-motion/step-by-step-guide_acceleration.pdf,"Explain the terms distance, displacement, speed, velocity and acceleration in real-life situations",Determine velocity and acceleration in different situations,,,,YES,YES,YES
Measurements and Geometry,Linear Motion,Displacement-Time Graphs,,Yes,measurements-and-geometry,linear-motion,displacement-time-graphs,,measurements-and-geometry/linear-motion/subsec-displacement-time-graphs.ptx,measurements-and-geometry/linear-motion/displacement-time-graphs.pdf,measurements-and-geometry/linear-motion/step-by-step-guide_displacement-time-graphs.pdf,Draw a displacement-time graph of different situations,Interpret displacement-time graph in different situations,,,,YES,YES,YES
Measurements and Geometry,Linear Motion,Velocity-Time Graphs,,Yes,measurements-and-geometry,linear-motion,velocity-time-graphs,,measurements-and-geometry/linear-motion/subsec-velocity-time-graphs.ptx,measurements-and-geometry/linear-motion/velocity-time-graphs.pdf,measurements-and-geometry/linear-motion/step-by-step-guide_velocity-time-graphs.pdf,Draw a velocity-time graph from given tables in different situations,Interpret velocity-time graph in different situations,,,,YES,YES,YES
Measurements and Geometry,Linear Motion,Linear Motion in Real-Life,,Yes,measurements-and-geometry,linear-motion,linear-motion-in-real-life,,measurements-and-geometry/linear-motion/subsec-linear-motion-in-real-life.ptx,measurements-and-geometry/linear-motion/linear-motion-in-real-life.pdf,measurements-and-geometry/linear-motion/step-by-step-guide_linear-motion-in-real-life.pdf,Appreciate use of linear motion in real-life situations,,,,,YES,YES,YES
Statistics and Probability,Statistics 1,Introduction to Statistics,Sources of Data,Yes,statistics-and-probability,statistics-1,introduction-to-statistics,sources-of-data,statistics-and-probability/statistics-1/subsubsec-sources-of-data.ptx,statistics-and-probability/statistics-1/sources-of-data.pdf,statistics-and-probability/statistics-1/step-by-step-guide_sources-of-data.pdf,Collect data from real-life sources,"Promote data collection, organisation and representation for informed decision making",,,,YES,YES,YES
Statistics and Probability,Statistics 1,Introduction to Statistics,Methods of Data Collection,Yes,statistics-and-probability,statistics-1,introduction-to-statistics,methods-of-data-collection,statistics-and-probability/statistics-1/subsubsec-methods-of-data-collection.ptx,statistics-and-probability/statistics-1/methods-of-data-collection.pdf,statistics-and-probability/statistics-1/step-by-step-guide_methods-of-data-collection.pdf,Collect data from real-life sources,"Promote data collection, organisation and representation for informed decision making",,,,YES,YES,YES
Statistics and Probability,Statistics 1,Ungrouped Data,Frequency Distribution Tables,Yes,statistics-and-probability,statistics-1,ungrouped-data,frequency-distribution-tables,statistics-and-probability/statistics-1/subsubsec-frequency-distribution-tables.ptx,statistics-and-probability/statistics-1/frequency-distribution-tables.pdf,statistics-and-probability/statistics-1/step-by-step-guide_frequency-distribution-tables.pdf,Draw a frequency distribution table for grouped and ungrouped data,,,,,YES,YES,YES
Statistics and Probability,Statistics 1,Ungrouped Data,Mean,Yes,statistics-and-probability,statistics-1,ungrouped-data,mean,statistics-and-probability/statistics-1/subsubsec-mean.ptx,statistics-and-probability/statistics-1/mean.pdf,statistics-and-probability/statistics-1/step-by-step-guide_mean.pdf,"Determine mean, mode and median of grouped and ungrouped data",,,,,YES,YES,YES
Statistics and Probability,Statistics 1,Ungrouped Data,Median,Yes,statistics-and-probability,statistics-1,ungrouped-data,median,statistics-and-probability/statistics-1/subsubsec-median.ptx,statistics-and-probability/statistics-1/median.pdf,statistics-and-probability/statistics-1/step-by-step-guide_median.pdf,"Determine mean, mode and median of grouped and ungrouped data",,,,,YES,YES,YES
Statistics and Probability,Statistics 1,Ungrouped Data,Mode,Yes,statistics-and-probability,statistics-1,ungrouped-data,mode,statistics-and-probability/statistics-1/subsubsec-mode.ptx,statistics-and-probability/statistics-1/mode.pdf,statistics-and-probability/statistics-1/step-by-step-guide_mode.pdf,"Determine mean, mode and median of grouped and ungrouped data",,,,,YES,YES,YES
Statistics and Probability,Statistics 1,Grouped Data,Frequency Distribution Tables Grouped,Yes,statistics-and-probability,statistics-1,grouped-data,frequency-distribution-tables-grouped,statistics-and-probability/statistics-1/subsubsec-frequency-distribution-tables-grouped.ptx,statistics-and-probability/statistics-1/frequency-distribution-tables-grouped.pdf,statistics-and-probability/statistics-1/step-by-step-guide_frequency-distribution-tables-grouped.pdf,Draw a frequency distribution table for grouped and ungrouped data,,,,,YES,YES,YES
Statistics and Probability,Statistics 1,Grouped Data,Mean Grouped,Yes,statistics-and-probability,statistics-1,grouped-data,mean-grouped,statistics-and-probability/statistics-1/subsubsec-mean-grouped.ptx,statistics-and-probability/statistics-1/mean-grouped.pdf,statistics-and-probability/statistics-1/step-by-step-guide_mean-grouped.pdf,"Determine mean, mode and median of grouped and ungrouped data",,,,,YES,YES,YES
Statistics and Probability,Statistics 1,Grouped Data,Median Grouped,Yes,statistics-and-probability,statistics-1,grouped-data,median-grouped,statistics-and-probability/statistics-1/subsubsec-median-grouped.ptx,statistics-and-probability/statistics-1/median-grouped.pdf,statistics-and-probability/statistics-1/step-by-step-guide_median-grouped.pdf,"Determine mean, mode and median of grouped and ungrouped data",,,,,YES,YES,YES
Statistics and Probability,Statistics 1,Grouped Data,Mode Grouped,Yes,statistics-and-probability,statistics-1,grouped-data,mode-grouped,statistics-and-probability/statistics-1/subsubsec-mode-grouped.ptx,statistics-and-probability/statistics-1/mode-grouped.pdf,statistics-and-probability/statistics-1/step-by-step-guide_mode-grouped.pdf,"Determine mean, mode and median of grouped and ungrouped data",,,,,YES,YES,YES
Statistics and Probability,Statistics 1,Histograms and Frequency Polygons,,Yes,statistics-and-probability,statistics-1,histograms-and-frequency-polygons,,statistics-and-probability/statistics-1/subsec-histograms-and-frequency-polygons.ptx,statistics-and-probability/statistics-1/histograms-and-frequency-polygons.pdf,statistics-and-probability/statistics-1/step-by-step-guide_histograms-and-frequency-polygons.pdf,Represent data using histograms and frequency polygons,Interpret data from histograms and frequency polygons,,,,YES,YES,YES
Statistics and Probability,Statistics 1,Interpretation of Data,,Yes,statistics-and-probability,statistics-1,interpretation-of-data,,statistics-and-probability/statistics-1/subsec-interpretation-of-data.ptx,statistics-and-probability/statistics-1/interpretation-of-data.pdf,statistics-and-probability/statistics-1/step-by-step-guide_interpretation-of-data.pdf,Represent data using histograms and frequency polygons,Interpret data from histograms and frequency polygons,"Promote data collection, organisation and representation for informed decision making",,,YES,YES,YES
Statistics and Probability,Statistics 1,Statistics in Real-Life,,Yes,statistics-and-probability,statistics-1,statistics-in-real-life,,statistics-and-probability/statistics-1/subsec-statistics-in-real-life.ptx,statistics-and-probability/statistics-1/statistics-in-real-life.pdf,statistics-and-probability/statistics-1/step-by-step-guide_statistics-in-real-life.pdf,Collect data from real-life sources,"Promote data collection, organisation and representation for informed decision making",,,,YES,YES,YES
Statistics and Probability,Probability 1,Introduction to Probability,,Yes,statistics-and-probability,probability-1,introduction-to-probability,,statistics-and-probability/probability-1/subsec-introduction-to-probability.ptx,statistics-and-probability/probability-1/introduction-to-probability.pdf,statistics-and-probability/probability-1/step-by-step-guide_introduction-to-probability.pdf,Perform experiments involving probabilities in different situations,Identify the range of probability in different situations,Appreciate the application of probability in real-life situations,,,YES,YES,YES
Statistics and Probability,Probability 1,Probability Spaces,,Yes,statistics-and-probability,probability-1,probability-spaces,,statistics-and-probability/probability-1/subsec-probability-spaces.ptx,statistics-and-probability/probability-1/probability-spaces.pdf,statistics-and-probability/probability-1/step-by-step-guide_probability-spaces.pdf,Generate probability space of different events,,,,,YES,YES,YES
Statistics and Probability,Probability 1,Mutually Exclusive Events,,Yes,statistics-and-probability,probability-1,mutually-exclusive-events,,statistics-and-probability/probability-1/subsec-mutually-exclusive-events.ptx,statistics-and-probability/probability-1/mutually-exclusive-events.pdf,statistics-and-probability/probability-1/step-by-step-guide_mutually-exclusive-events.pdf,Determine the probability of mutually exclusive and independent events,,,,,YES,YES,YES
Statistics and Probability,Probability 1,Independent Events,,Yes,statistics-and-probability,probability-1,independent-events,,statistics-and-probability/probability-1/subsec-independent-events.ptx,statistics-and-probability/probability-1/independent-events.pdf,statistics-and-probability/probability-1/step-by-step-guide_independent-events.pdf,Determine the probability of mutually exclusive and independent events,Determine the probability of independent events using tree diagrams,,,,YES,YES,YES
Statistics and Probability,Probability 1,Laws of Probability,Addition Rule,Yes,statistics-and-probability,probability-1,laws-of-probability,addition-rule,statistics-and-probability/probability-1/subsubsec-addition-rule.ptx,statistics-and-probability/probability-1/addition-rule.pdf,statistics-and-probability/probability-1/step-by-step-guide_addition-rule.pdf,Apply the laws of probability in different situations,,,,,YES,YES,YES
Statistics and Probability,Probability 1,Laws of Probability,Multiplication Rule,Yes,statistics-and-probability,probability-1,laws-of-probability,multiplication-rule,statistics-and-probability/probability-1/subsubsec-multiplication-rule.ptx,statistics-and-probability/probability-1/multiplication-rule.pdf,statistics-and-probability/probability-1/step-by-step-guide_multiplication-rule.pdf,Apply the laws of probability in different situations,,,,,YES,YES,YES
Statistics and Probability,Probability 1,Probability Using Tree Diagrams,,Yes,statistics-and-probability,probability-1,probability-using-tree-diagrams,,statistics-and-probability/probability-1/subsec-probability-using-tree-diagrams.ptx,statistics-and-probability/probability-1/probability-using-tree-diagrams.pdf,statistics-and-probability/probability-1/step-by-step-guide_probability-using-tree-diagrams.pdf,Determine the probability of independent events using tree diagrams,,,,,YES,YES,YES
Statistics and Probability,Probability 1,Probability in Real-Life,,Yes,statistics-and-probability,,,,,,,Identify the range of probability in different situations,Appreciate the application of probability in real-life situations,,,,NO,NO,NO
,,,,,,,,,,,,,,,,,NO,NO,NO
,,,,,,,,,,,,,,,,,NO,NO,NO
,,,,,,,,,,,,,,,,,NO,NO,NO
,,,,,,,,,,,,,,,,,NO,NO,NO
,,,,,,,,,,,,,,,,,NO,NO,NO
,,,,,,,,,,,,,,,,,NO,NO,NO
,,,,,,,,,,,,,,,,,NO,NO,NO
,,,,,,,,,,,,,,,,,NO,NO,NO
,,,,,,,,,,,,,,,,,NO,NO,NO
,,,,,,,,,,,,,,,,,NO,NO,NO
,,,,,,,,,,,,,,,,,NO,NO,NO
,,,,,,,,,,,,,,,,,NO,,
,,,,,,,,,,,,,,,,,NO,,
,,,,,,,,,,,,,,,,,NO,,
,,,,,,,,,,,,,,,,,NO,,
,,,,,,,,,,,,,,,,,NO,,